col0,col1,col2,col3,col4
0,1000,2000,3000,4000
1,1001,2001,3001,4001
2,1002,2002,3002,4002
3,1003,2003,3003,4003
4,1004,2004,3004,4004
5,1005,2005,3005,4005
6,1006,2006,3006,4006
7,1007,2007,3007,4007
8,1008,2008,3008,4008
9,1009,2009,3009,4009
10,1010,2010,3010,4010
11,1011,2011,3011,4011
12,1012,2012,3012,4012
13,1013,2013,3013,4013
14,1014,2014,3014,4014
15,1015,2015,3015,4015
16,1016,2016,3016,4016
17,1017,2017,3017,4017
18,1018,2018,3018,4018
19,1019,2019,3019,4019
20,1020,2020,3020,4020
21,1021,2021,3021,4021
22,1022,2022,3022,4022
23,1023,2023,3023,4023
24,1024,2024,3024,4024
25,1025,2025,3025,4025
26,1026,2026,3026,4026
27,1027,2027,3027,4027
28,1028,2028,3028,4028
29,1029,2029,3029,4029
30,1030,2030,3030,4030
31,1031,2031,3031,4031
32,1032,2032,3032,4032
33,1033,2033,3033,4033
34,1034,2034,3034,4034
35,1035,2035,3035,4035
36,1036,2036,3036,4036
37,1037,2037,3037,4037
38,1038,2038,3038,4038
39,1039,2039,3039,4039
40,1040,2040,3040,4040
41,1041,2041,3041,4041
42,1042,2042,3042,4042
43,1043,2043,3043,4043
44,1044,2044,3044,4044
45,1045,2045,3045,4045
46,1046,2046,3046,4046
47,1047,2047,3047,4047
48,1048,2048,3048,4048
49,1049,2049,3049,4049
50,1050,2050,3050,4050
51,1051,2051,3051,4051
52,1052,2052,3052,4052
53,1053,2053,3053,4053
54,1054,2054,3054,4054
55,1055,2055,3055,4055
56,1056,2056,3056,4056
57,1057,2057,3057,4057
58,1058,2058,3058,4058
59,1059,2059,3059,4059
60,1060,2060,3060,4060
61,1061,2061,3061,4061
62,1062,2062,3062,4062
63,1063,2063,3063,4063
64,1064,2064,3064,4064
65,1065,2065,3065,4065
66,1066,2066,3066,4066
67,1067,2067,3067,4067
68,1068,2068,3068,4068
69,1069,2069,3069,4069
70,1070,2070,3070,4070
71,1071,2071,3071,4071
72,1072,2072,3072,4072
73,1073,2073,3073,4073
74,1074,2074,3074,4074
75,1075,2075,3075,4075
76,1076,2076,3076,4076
77,1077,2077,3077,4077
78,1078,2078,3078,4078
79,1079,2079,3079,4079
80,1080,2080,3080,4080
81,1081,2081,3081,4081
82,1082,2082,3082,4082
83,1083,2083,3083,4083
84,1084,2084,3084,4084
85,1085,2085,3085,4085
86,1086,2086,3086,4086
87,1087,2087,3087,4087
88,1088,2088,3088,4088
89,1089,2089,3089,4089
90,1090,2090,3090,4090
91,1091,2091,3091,4091
92,1092,2092,3092,4092
93,1093,2093,3093,4093
94,1094,2094,3094,4094
95,1095,2095,3095,4095
96,1096,2096,3096,4096
97,1097,2097,3097,4097
98,1098,2098,3098,4098
99,1099,2099,3099,4099
100,1100,2100,3100,4100
101,1101,2101,3101,4101
102,1102,2102,3102,4102
103,1103,2103,3103,4103
104,1104,2104,3104,4104
105,1105,2105,3105,4105
106,1106,2106,3106,4106
107,1107,2107,3107,4107
108,1108,2108,3108,4108
109,1109,2109,3109,4109
110,1110,2110,3110,4110
111,1111,2111,3111,4111
112,1112,2112,3112,4112
113,1113,2113,3113,4113
114,1114,2114,3114,4114
115,1115,2115,3115,4115
116,1116,2116,3116,4116
117,1117,2117,3117,4117
118,1118,2118,3118,4118
119,1119,2119,3119,4119
120,1120,2120,3120,4120
121,1121,2121,3121,4121
122,1122,2122,3122,4122
123,1123,2123,3123,4123
124,1124,2124,3124,4124
125,1125,2125,3125,4125
126,1126,2126,3126,4126
127,1127,2127,3127,4127
128,1128,2128,3128,4128
129,1129,2129,3129,4129
130,1130,2130,3130,4130
131,1131,2131,3131,4131
132,1132,2132,3132,4132
133,1133,2133,3133,4133
134,1134,2134,3134,4134
135,1135,2135,3135,4135
136,1136,2136,3136,4136
137,1137,2137,3137,4137
138,1138,2138,3138,4138
139,1139,2139,3139,4139
140,1140,2140,3140,4140
141,1141,2141,3141,4141
142,1142,2142,3142,4142
143,1143,2143,3143,4143
144,1144,2144,3144,4144
145,1145,2145,3145,4145
146,1146,2146,3146,4146
147,1147,2147,3147,4147
148,1148,2148,3148,4148
149,1149,2149,3149,4149
150,1150,2150,3150,4150
151,1151,2151,3151,4151
152,1152,2152,3152,4152
153,1153,2153,3153,4153
154,1154,2154,3154,4154
155,1155,2155,3155,4155
156,1156,2156,3156,4156
157,1157,2157,3157,4157
158,1158,2158,3158,4158
159,1159,2159,3159,4159
160,1160,2160,3160,4160
161,1161,2161,3161,4161
162,1162,2162,3162,4162
163,1163,2163,3163,4163
164,1164,2164,3164,4164
165,1165,2165,3165,4165
166,1166,2166,3166,4166
167,1167,2167,3167,4167
168,1168,2168,3168,4168
169,1169,2169,3169,4169
170,1170,2170,3170,4170
171,1171,2171,3171,4171
172,1172,2172,3172,4172
173,1173,2173,3173,4173
174,1174,2174,3174,4174
175,1175,2175,3175,4175
176,1176,2176,3176,4176
177,1177,2177,3177,4177
178,1178,2178,3178,4178
179,1179,2179,3179,4179
180,1180,2180,3180,4180
181,1181,2181,3181,4181
182,1182,2182,3182,4182
183,1183,2183,3183,4183
184,1184,2184,3184,4184
185,1185,2185,3185,4185
186,1186,2186,3186,4186
187,1187,2187,3187,4187
188,1188,2188,3188,4188
189,1189,2189,3189,4189
190,1190,2190,3190,4190
191,1191,2191,3191,4191
192,1192,2192,3192,4192
193,1193,2193,3193,4193
194,1194,2194,3194,4194
195,1195,2195,3195,4195
196,1196,2196,3196,4196
197,1197,2197,3197,4197
198,1198,2198,3198,4198
199,1199,2199,3199,4199
200,1200,2200,3200,4200
201,1201,2201,3201,4201
202,1202,2202,3202,4202
203,1203,2203,3203,4203
204,1204,2204,3204,4204
205,1205,2205,3205,4205
206,1206,2206,3206,4206
207,1207,2207,3207,4207
208,1208,2208,3208,4208
209,1209,2209,3209,4209
210,1210,2210,3210,4210
211,1211,2211,3211,4211
212,1212,2212,3212,4212
213,1213,2213,3213,4213
214,1214,2214,3214,4214
215,1215,2215,3215,4215
216,1216,2216,3216,4216
217,1217,2217,3217,4217
218,1218,2218,3218,4218
219,1219,2219,3219,4219
220,1220,2220,3220,4220
221,1221,2221,3221,4221
222,1222,2222,3222,4222
223,1223,2223,3223,4223
224,1224,2224,3224,4224
225,1225,2225,3225,4225
226,1226,2226,3226,4226
227,1227,2227,3227,4227
228,1228,2228,3228,4228
229,1229,2229,3229,4229
230,1230,2230,3230,4230
231,1231,2231,3231,4231
232,1232,2232,3232,4232
233,1233,2233,3233,4233
234,1234,2234,3234,4234
235,1235,2235,3235,4235
236,1236,2236,3236,4236
237,1237,2237,3237,4237
238,1238,2238,3238,4238
239,1239,2239,3239,4239
240,1240,2240,3240,4240
241,1241,2241,3241,4241
242,1242,2242,3242,4242
243,1243,2243,3243,4243
244,1244,2244,3244,4244
245,1245,2245,3245,4245
246,1246,2246,3246,4246
247,1247,2247,3247,4247
248,1248,2248,3248,4248
249,1249,2249,3249,4249
250,1250,2250,3250,4250
251,1251,2251,3251,4251
252,1252,2252,3252,4252
253,1253,2253,3253,4253
254,1254,2254,3254,4254
255,1255,2255,3255,4255
256,1256,2256,3256,4256
257,1257,2257,3257,4257
258,1258,2258,3258,4258
259,1259,2259,3259,4259
260,1260,2260,3260,4260
261,1261,2261,3261,4261
262,1262,2262,3262,4262
263,1263,2263,3263,4263
264,1264,2264,3264,4264
265,1265,2265,3265,4265
266,1266,2266,3266,4266
267,1267,2267,3267,4267
268,1268,2268,3268,4268
269,1269,2269,3269,4269
270,1270,2270,3270,4270
271,1271,2271,3271,4271
272,1272,2272,3272,4272
273,1273,2273,3273,4273
274,1274,2274,3274,4274
275,1275,2275,3275,4275
276,1276,2276,3276,4276
277,1277,2277,3277,4277
278,1278,2278,3278,4278
279,1279,2279,3279,4279
280,1280,2280,3280,4280
281,1281,2281,3281,4281
282,1282,2282,3282,4282
283,1283,2283,3283,4283
284,1284,2284,3284,4284
285,1285,2285,3285,4285
286,1286,2286,3286,4286
287,1287,2287,3287,4287
288,1288,2288,3288,4288
289,1289,2289,3289,4289
290,1290,2290,3290,4290
291,1291,2291,3291,4291
292,1292,2292,3292,4292
293,1293,2293,3293,4293
294,1294,2294,3294,4294
295,1295,2295,3295,4295
296,1296,2296,3296,4296
297,1297,2297,3297,4297
298,1298,2298,3298,4298
299,1299,2299,3299,4299
300,1300,2300,3300,4300
301,1301,2301,3301,4301
302,1302,2302,3302,4302
303,1303,2303,3303,4303
304,1304,2304,3304,4304
305,1305,2305,3305,4305
306,1306,2306,3306,4306
307,1307,2307,3307,4307
308,1308,2308,3308,4308
309,1309,2309,3309,4309
310,1310,2310,3310,4310
311,1311,2311,3311,4311
312,1312,2312,3312,4312
313,1313,2313,3313,4313
314,1314,2314,3314,4314
315,1315,2315,3315,4315
316,1316,2316,3316,4316
317,1317,2317,3317,4317
318,1318,2318,3318,4318
319,1319,2319,3319,4319
320,1320,2320,3320,4320
321,1321,2321,3321,4321
322,1322,2322,3322,4322
323,1323,2323,3323,4323
324,1324,2324,3324,4324
325,1325,2325,3325,4325
326,1326,2326,3326,4326
327,1327,2327,3327,4327
328,1328,2328,3328,4328
329,1329,2329,3329,4329
330,1330,2330,3330,4330
331,1331,2331,3331,4331
332,1332,2332,3332,4332
333,1333,2333,3333,4333
334,1334,2334,3334,4334
335,1335,2335,3335,4335
336,1336,2336,3336,4336
337,1337,2337,3337,4337
338,1338,2338,3338,4338
339,1339,2339,3339,4339
340,1340,2340,3340,4340
341,1341,2341,3341,4341
342,1342,2342,3342,4342
343,1343,2343,3343,4343
344,1344,2344,3344,4344
345,1345,2345,3345,4345
346,1346,2346,3346,4346
347,1347,2347,3347,4347
348,1348,2348,3348,4348
349,1349,2349,3349,4349
350,1350,2350,3350,4350
351,1351,2351,3351,4351
352,1352,2352,3352,4352
353,1353,2353,3353,4353
354,1354,2354,3354,4354
355,1355,2355,3355,4355
356,1356,2356,3356,4356
357,1357,2357,3357,4357
358,1358,2358,3358,4358
359,1359,2359,3359,4359
360,1360,2360,3360,4360
361,1361,2361,3361,4361
362,1362,2362,3362,4362
363,1363,2363,3363,4363
364,1364,2364,3364,4364
365,1365,2365,3365,4365
366,1366,2366,3366,4366
367,1367,2367,3367,4367
368,1368,2368,3368,4368
369,1369,2369,3369,4369
370,1370,2370,3370,4370
371,1371,2371,3371,4371
372,1372,2372,3372,4372
373,1373,2373,3373,4373
374,1374,2374,3374,4374
375,1375,2375,3375,4375
376,1376,2376,3376,4376
377,1377,2377,3377,4377
378,1378,2378,3378,4378
379,1379,2379,3379,4379
380,1380,2380,3380,4380
381,1381,2381,3381,4381
382,1382,2382,3382,4382
383,1383,2383,3383,4383
384,1384,2384,3384,4384
385,1385,2385,3385,4385
386,1386,2386,3386,4386
387,1387,2387,3387,4387
388,1388,2388,3388,4388
389,1389,2389,3389,4389
390,1390,2390,3390,4390
391,1391,2391,3391,4391
392,1392,2392,3392,4392
393,1393,2393,3393,4393
394,1394,2394,3394,4394
395,1395,2395,3395,4395
396,1396,2396,3396,4396
397,1397,2397,3397,4397
398,1398,2398,3398,4398
399,1399,2399,3399,4399
400,1400,2400,3400,4400
401,1401,2401,3401,4401
402,1402,2402,3402,4402
403,1403,2403,3403,4403
404,1404,2404,3404,4404
405,1405,2405,3405,4405
406,1406,2406,3406,4406
407,1407,2407,3407,4407
408,1408,2408,3408,4408
409,1409,2409,3409,4409
410,1410,2410,3410,4410
411,1411,2411,3411,4411
412,1412,2412,3412,4412
413,1413,2413,3413,4413
414,1414,2414,3414,4414
415,1415,2415,3415,4415
416,1416,2416,3416,4416
417,1417,2417,3417,4417
418,1418,2418,3418,4418
419,1419,2419,3419,4419
420,1420,2420,3420,4420
421,1421,2421,3421,4421
422,1422,2422,3422,4422
423,1423,2423,3423,4423
424,1424,2424,3424,4424
425,1425,2425,3425,4425
426,1426,2426,3426,4426
427,1427,2427,3427,4427
428,1428,2428,3428,4428
429,1429,2429,3429,4429
430,1430,2430,3430,4430
431,1431,2431,3431,4431
432,1432,2432,3432,4432
433,1433,2433,3433,4433
434,1434,2434,3434,4434
435,1435,2435,3435,4435
436,1436,2436,3436,4436
437,1437,2437,3437,4437
438,1438,2438,3438,4438
439,1439,2439,3439,4439
440,1440,2440,3440,4440
441,1441,2441,3441,4441
442,1442,2442,3442,4442
443,1443,2443,3443,4443
444,1444,2444,3444,4444
445,1445,2445,3445,4445
446,1446,2446,3446,4446
447,1447,2447,3447,4447
448,1448,2448,3448,4448
449,1449,2449,3449,4449
450,1450,2450,3450,4450
451,1451,2451,3451,4451
452,1452,2452,3452,4452
453,1453,2453,3453,4453
454,1454,2454,3454,4454
455,1455,2455,3455,4455
456,1456,2456,3456,4456
457,1457,2457,3457,4457
458,1458,2458,3458,4458
459,1459,2459,3459,4459
460,1460,2460,3460,4460
461,1461,2461,3461,4461
462,1462,2462,3462,4462
463,1463,2463,3463,4463
464,1464,2464,3464,4464
465,1465,2465,3465,4465
466,1466,2466,3466,4466
467,1467,2467,3467,4467
468,1468,2468,3468,4468
469,1469,2469,3469,4469
470,1470,2470,3470,4470
471,1471,2471,3471,4471
472,1472,2472,3472,4472
473,1473,2473,3473,4473
474,1474,2474,3474,4474
475,1475,2475,3475,4475
476,1476,2476,3476,4476
477,1477,2477,3477,4477
478,1478,2478,3478,4478
479,1479,2479,3479,4479
480,1480,2480,3480,4480
481,1481,2481,3481,4481
482,1482,2482,3482,4482
483,1483,2483,3483,4483
484,1484,2484,3484,4484
485,1485,2485,3485,4485
486,1486,2486,3486,4486
487,1487,2487,3487,4487
488,1488,2488,3488,4488
489,1489,2489,3489,4489
490,1490,2490,3490,4490
491,1491,2491,3491,4491
492,1492,2492,3492,4492
493,1493,2493,3493,4493
494,1494,2494,3494,4494
495,1495,2495,3495,4495
496,1496,2496,3496,4496
497,1497,2497,3497,4497
498,1498,2498,3498,4498
499,1499,2499,3499,4499
500,1500,2500,3500,4500
501,1501,2501,3501,4501
502,1502,2502,3502,4502
503,1503,2503,3503,4503
504,1504,2504,3504,4504
505,1505,2505,3505,4505
506,1506,2506,3506,4506
507,1507,2507,3507,4507
508,1508,2508,3508,4508
509,1509,2509,3509,4509
510,1510,2510,3510,4510
511,1511,2511,3511,4511
512,1512,2512,3512,4512
513,1513,2513,3513,4513
514,1514,2514,3514,4514
515,1515,2515,3515,4515
516,1516,2516,3516,4516
517,1517,2517,3517,4517
518,1518,2518,3518,4518
519,1519,2519,3519,4519
520,1520,2520,3520,4520
521,1521,2521,3521,4521
522,1522,2522,3522,4522
523,1523,2523,3523,4523
524,1524,2524,3524,4524
525,1525,2525,3525,4525
526,1526,2526,3526,4526
527,1527,2527,3527,4527
528,1528,2528,3528,4528
529,1529,2529,3529,4529
530,1530,2530,3530,4530
531,1531,2531,3531,4531
532,1532,2532,3532,4532
533,1533,2533,3533,4533
534,1534,2534,3534,4534
535,1535,2535,3535,4535
536,1536,2536,3536,4536
537,1537,2537,3537,4537
538,1538,2538,3538,4538
539,1539,2539,3539,4539
540,1540,2540,3540,4540
541,1541,2541,3541,4541
542,1542,2542,3542,4542
543,1543,2543,3543,4543
544,1544,2544,3544,4544
545,1545,2545,3545,4545
546,1546,2546,3546,4546
547,1547,2547,3547,4547
548,1548,2548,3548,4548
549,1549,2549,3549,4549
550,1550,2550,3550,4550
551,1551,2551,3551,4551
552,1552,2552,3552,4552
553,1553,2553,3553,4553
554,1554,2554,3554,4554
555,1555,2555,3555,4555
556,1556,2556,3556,4556
557,1557,2557,3557,4557
558,1558,2558,3558,4558
559,1559,2559,3559,4559
560,1560,2560,3560,4560
561,1561,2561,3561,4561
562,1562,2562,3562,4562
563,1563,2563,3563,4563
564,1564,2564,3564,4564
565,1565,2565,3565,4565
566,1566,2566,3566,4566
567,1567,2567,3567,4567
568,1568,2568,3568,4568
569,1569,2569,3569,4569
570,1570,2570,3570,4570
571,1571,2571,3571,4571
572,1572,2572,3572,4572
573,1573,2573,3573,4573
574,1574,2574,3574,4574
575,1575,2575,3575,4575
576,1576,2576,3576,4576
577,1577,2577,3577,4577
578,1578,2578,3578,4578
579,1579,2579,3579,4579
580,1580,2580,3580,4580
581,1581,2581,3581,4581
582,1582,2582,3582,4582
583,1583,2583,3583,4583
584,1584,2584,3584,4584
585,1585,2585,3585,4585
586,1586,2586,3586,4586
587,1587,2587,3587,4587
588,1588,2588,3588,4588
589,1589,2589,3589,4589
590,1590,2590,3590,4590
591,1591,2591,3591,4591
592,1592,2592,3592,4592
593,1593,2593,3593,4593
594,1594,2594,3594,4594
595,1595,2595,3595,4595
596,1596,2596,3596,4596
597,1597,2597,3597,4597
598,1598,2598,3598,4598
599,1599,2599,3599,4599
600,1600,2600,3600,4600
601,1601,2601,3601,4601
602,1602,2602,3602,4602
603,1603,2603,3603,4603
604,1604,2604,3604,4604
605,1605,2605,3605,4605
606,1606,2606,3606,4606
607,1607,2607,3607,4607
608,1608,2608,3608,4608
609,1609,2609,3609,4609
610,1610,2610,3610,4610
611,1611,2611,3611,4611
612,1612,2612,3612,4612
613,1613,2613,3613,4613
614,1614,2614,3614,4614
615,1615,2615,3615,4615
616,1616,2616,3616,4616
617,1617,2617,3617,4617
618,1618,2618,3618,4618
619,1619,2619,3619,4619
620,1620,2620,3620,4620
621,1621,2621,3621,4621
622,1622,2622,3622,4622
623,1623,2623,3623,4623
624,1624,2624,3624,4624
625,1625,2625,3625,4625
626,1626,2626,3626,4626
627,1627,2627,3627,4627
628,1628,2628,3628,4628
629,1629,2629,3629,4629
630,1630,2630,3630,4630
631,1631,2631,3631,4631
632,1632,2632,3632,4632
633,1633,2633,3633,4633
634,1634,2634,3634,4634
635,1635,2635,3635,4635
636,1636,2636,3636,4636
637,1637,2637,3637,4637
638,1638,2638,3638,4638
639,1639,2639,3639,4639
640,1640,2640,3640,4640
641,1641,2641,3641,4641
642,1642,2642,3642,4642
643,1643,2643,3643,4643
644,1644,2644,3644,4644
645,1645,2645,3645,4645
646,1646,2646,3646,4646
647,1647,2647,3647,4647
648,1648,2648,3648,4648
649,1649,2649,3649,4649
650,1650,2650,3650,4650
651,1651,2651,3651,4651
652,1652,2652,3652,4652
653,1653,2653,3653,4653
654,1654,2654,3654,4654
655,1655,2655,3655,4655
656,1656,2656,3656,4656
657,1657,2657,3657,4657
658,1658,2658,3658,4658
659,1659,2659,3659,4659
660,1660,2660,3660,4660
661,1661,2661,3661,4661
662,1662,2662,3662,4662
663,1663,2663,3663,4663
664,1664,2664,3664,4664
665,1665,2665,3665,4665
666,1666,2666,3666,4666
667,1667,2667,3667,4667
668,1668,2668,3668,4668
669,1669,2669,3669,4669
670,1670,2670,3670,4670
671,1671,2671,3671,4671
672,1672,2672,3672,4672
673,1673,2673,3673,4673
674,1674,2674,3674,4674
675,1675,2675,3675,4675
676,1676,2676,3676,4676
677,1677,2677,3677,4677
678,1678,2678,3678,4678
679,1679,2679,3679,4679
680,1680,2680,3680,4680
681,1681,2681,3681,4681
682,1682,2682,3682,4682
683,1683,2683,3683,4683
684,1684,2684,3684,4684
685,1685,2685,3685,4685
686,1686,2686,3686,4686
687,1687,2687,3687,4687
688,1688,2688,3688,4688
689,1689,2689,3689,4689
690,1690,2690,3690,4690
691,1691,2691,3691,4691
692,1692,2692,3692,4692
693,1693,2693,3693,4693
694,1694,2694,3694,4694
695,1695,2695,3695,4695
696,1696,2696,3696,4696
697,1697,2697,3697,4697
698,1698,2698,3698,4698
699,1699,2699,3699,4699
700,1700,2700,3700,4700
701,1701,2701,3701,4701
702,1702,2702,3702,4702
703,1703,2703,3703,4703
704,1704,2704,3704,4704
705,1705,2705,3705,4705
706,1706,2706,3706,4706
707,1707,2707,3707,4707
708,1708,2708,3708,4708
709,1709,2709,3709,4709
710,1710,2710,3710,4710
711,1711,2711,3711,4711
712,1712,2712,3712,4712
713,1713,2713,3713,4713
714,1714,2714,3714,4714
715,1715,2715,3715,4715
716,1716,2716,3716,4716
717,1717,2717,3717,4717
718,1718,2718,3718,4718
719,1719,2719,3719,4719
720,1720,2720,3720,4720
721,1721,2721,3721,4721
722,1722,2722,3722,4722
723,1723,2723,3723,4723
724,1724,2724,3724,4724
725,1725,2725,3725,4725
726,1726,2726,3726,4726
727,1727,2727,3727,4727
728,1728,2728,3728,4728
729,1729,2729,3729,4729
730,1730,2730,3730,4730
731,1731,2731,3731,4731
732,1732,2732,3732,4732
733,1733,2733,3733,4733
734,1734,2734,3734,4734
735,1735,2735,3735,4735
736,1736,2736,3736,4736
737,1737,2737,3737,4737
738,1738,2738,3738,4738
739,1739,2739,3739,4739
740,1740,2740,3740,4740
741,1741,2741,3741,4741
742,1742,2742,3742,4742
743,1743,2743,3743,4743
744,1744,2744,3744,4744
745,1745,2745,3745,4745
746,1746,2746,3746,4746
747,1747,2747,3747,4747
748,1748,2748,3748,4748
749,1749,2749,3749,4749
750,1750,2750,3750,4750
751,1751,2751,3751,4751
752,1752,2752,3752,4752
753,1753,2753,3753,4753
754,1754,2754,3754,4754
755,1755,2755,3755,4755
756,1756,2756,3756,4756
757,1757,2757,3757,4757
758,1758,2758,3758,4758
759,1759,2759,3759,4759
760,1760,2760,3760,4760
761,1761,2761,3761,4761
762,1762,2762,3762,4762
763,1763,2763,3763,4763
764,1764,2764,3764,4764
765,1765,2765,3765,4765
766,1766,2766,3766,4766
767,1767,2767,3767,4767
768,1768,2768,3768,4768
769,1769,2769,3769,4769
770,1770,2770,3770,4770
771,1771,2771,3771,4771
772,1772,2772,3772,4772
773,1773,2773,3773,4773
774,1774,2774,3774,4774
775,1775,2775,3775,4775
776,1776,2776,3776,4776
777,1777,2777,3777,4777
778,1778,2778,3778,4778
779,1779,2779,3779,4779
780,1780,2780,3780,4780
781,1781,2781,3781,4781
782,1782,2782,3782,4782
783,1783,2783,3783,4783
784,1784,2784,3784,4784
785,1785,2785,3785,4785
786,1786,2786,3786,4786
787,1787,2787,3787,4787
788,1788,2788,3788,4788
789,1789,2789,3789,4789
790,1790,2790,3790,4790
791,1791,2791,3791,4791
792,1792,2792,3792,4792
793,1793,2793,3793,4793
794,1794,2794,3794,4794
795,1795,2795,3795,4795
796,1796,2796,3796,4796
797,1797,2797,3797,4797
798,1798,2798,3798,4798
799,1799,2799,3799,4799
800,1800,2800,3800,4800
801,1801,2801,3801,4801
802,1802,2802,3802,4802
803,1803,2803,3803,4803
804,1804,2804,3804,4804
805,1805,2805,3805,4805
806,1806,2806,3806,4806
807,1807,2807,3807,4807
808,1808,2808,3808,4808
809,1809,2809,3809,4809
810,1810,2810,3810,4810
811,1811,2811,3811,4811
812,1812,2812,3812,4812
813,1813,2813,3813,4813
814,1814,2814,3814,4814
815,1815,2815,3815,4815
816,1816,2816,3816,4816
817,1817,2817,3817,4817
818,1818,2818,3818,4818
819,1819,2819,3819,4819
820,1820,2820,3820,4820
821,1821,2821,3821,4821
822,1822,2822,3822,4822
823,1823,2823,3823,4823
824,1824,2824,3824,4824
825,1825,2825,3825,4825
826,1826,2826,3826,4826
827,1827,2827,3827,4827
828,1828,2828,3828,4828
829,1829,2829,3829,4829
830,1830,2830,3830,4830
831,1831,2831,3831,4831
832,1832,2832,3832,4832
833,1833,2833,3833,4833
834,1834,2834,3834,4834
835,1835,2835,3835,4835
836,1836,2836,3836,4836
837,1837,2837,3837,4837
838,1838,2838,3838,4838
839,1839,2839,3839,4839
840,1840,2840,3840,4840
841,1841,2841,3841,4841
842,1842,2842,3842,4842
843,1843,2843,3843,4843
844,1844,2844,3844,4844
845,1845,2845,3845,4845
846,1846,2846,3846,4846
847,1847,2847,3847,4847
848,1848,2848,3848,4848
849,1849,2849,3849,4849
850,1850,2850,3850,4850
851,1851,2851,3851,4851
852,1852,2852,3852,4852
853,1853,2853,3853,4853
854,1854,2854,3854,4854
855,1855,2855,3855,4855
856,1856,2856,3856,4856
857,1857,2857,3857,4857
858,1858,2858,3858,4858
859,1859,2859,3859,4859
860,1860,2860,3860,4860
861,1861,2861,3861,4861
862,1862,2862,3862,4862
863,1863,2863,3863,4863
864,1864,2864,3864,4864
865,1865,2865,3865,4865
866,1866,2866,3866,4866
867,1867,2867,3867,4867
868,1868,2868,3868,4868
869,1869,2869,3869,4869
870,1870,2870,3870,4870
871,1871,2871,3871,4871
872,1872,2872,3872,4872
873,1873,2873,3873,4873
874,1874,2874,3874,4874
875,1875,2875,3875,4875
876,1876,2876,3876,4876
877,1877,2877,3877,4877
878,1878,2878,3878,4878
879,1879,2879,3879,4879
880,1880,2880,3880,4880
881,1881,2881,3881,4881
882,1882,2882,3882,4882
883,1883,2883,3883,4883
884,1884,2884,3884,4884
885,1885,2885,3885,4885
886,1886,2886,3886,4886
887,1887,2887,3887,4887
888,1888,2888,3888,4888
889,1889,2889,3889,4889
890,1890,2890,3890,4890
891,1891,2891,3891,4891
892,1892,2892,3892,4892
893,1893,2893,3893,4893
894,1894,2894,3894,4894
895,1895,2895,3895,4895
896,1896,2896,3896,4896
897,1897,2897,3897,4897
898,1898,2898,3898,4898
899,1899,2899,3899,4899
900,1900,2900,3900,4900
901,1901,2901,3901,4901
902,1902,2902,3902,4902
903,1903,2903,3903,4903
904,1904,2904,3904,4904
905,1905,2905,3905,4905
906,1906,2906,3906,4906
907,1907,2907,3907,4907
908,1908,2908,3908,4908
909,1909,2909,3909,4909
910,1910,2910,3910,4910
911,1911,2911,3911,4911
912,1912,2912,3912,4912
913,1913,2913,3913,4913
914,1914,2914,3914,4914
915,1915,2915,3915,4915
916,1916,2916,3916,4916
917,1917,2917,3917,4917
918,1918,2918,3918,4918
919,1919,2919,3919,4919
920,1920,2920,3920,4920
921,1921,2921,3921,4921
922,1922,2922,3922,4922
923,1923,2923,3923,4923
924,1924,2924,3924,4924
925,1925,2925,3925,4925
926,1926,2926,3926,4926
927,1927,2927,3927,4927
928,1928,2928,3928,4928
929,1929,2929,3929,4929
930,1930,2930,3930,4930
931,1931,2931,3931,4931
932,1932,2932,3932,4932
933,1933,2933,3933,4933
934,1934,2934,3934,4934
935,1935,2935,3935,4935
936,1936,2936,3936,4936
937,1937,2937,3937,4937
938,1938,2938,3938,4938
939,1939,2939,3939,4939
940,1940,2940,3940,4940
941,1941,2941,3941,4941
942,1942,2942,3942,4942
943,1943,2943,3943,4943
944,1944,2944,3944,4944
945,1945,2945,3945,4945
946,1946,2946,3946,4946
947,1947,2947,3947,4947
948,1948,2948,3948,4948
949,1949,2949,3949,4949
950,1950,2950,3950,4950
951,1951,2951,3951,4951
952,1952,2952,3952,4952
953,1953,2953,3953,4953
954,1954,2954,3954,4954
955,1955,2955,3955,4955
956,1956,2956,3956,4956
957,1957,2957,3957,4957
958,1958,2958,3958,4958
959,1959,2959,3959,4959
960,1960,2960,3960,4960
961,1961,2961,3961,4961
962,1962,2962,3962,4962
963,1963,2963,3963,4963
964,1964,2964,3964,4964
965,1965,2965,3965,4965
966,1966,2966,3966,4966
967,1967,2967,3967,4967
968,1968,2968,3968,4968
969,1969,2969,3969,4969
970,1970,2970,3970,4970
971,1971,2971,3971,4971
972,1972,2972,3972,4972
973,1973,2973,3973,4973
974,1974,2974,3974,4974
975,1975,2975,3975,4975
976,1976,2976,3976,4976
977,1977,2977,3977,4977
978,1978,2978,3978,4978
979,1979,2979,3979,4979
980,1980,2980,3980,4980
981,1981,2981,3981,4981
982,1982,2982,3982,4982
983,1983,2983,3983,4983
984,1984,2984,3984,4984
985,1985,2985,3985,4985
986,1986,2986,3986,4986
987,1987,2987,3987,4987
988,1988,2988,3988,4988
989,1989,2989,3989,4989
990,1990,2990,3990,4990
991,1991,2991,3991,4991
992,1992,2992,3992,4992
993,1993,2993,3993,4993
994,1994,2994,3994,4994
995,1995,2995,3995,4995
996,1996,2996,3996,4996
997,1997,2997,3997,4997
998,1998,2998,3998,4998
999,1999,2999,3999,4999
